gbifID	datasetKey	occurrenceID	kingdom	phylum	class	order	family	genus	species	infraspecificEpithet	taxonRank	scientificName	verbatimScientificName	verbatimScientificNameAuthorship	countryCode	locality	stateProvince	occurrenceStatus	individualCount	publishingOrgKey	decimalLatitude	decimalLongitude	coordinateUncertaintyInMeters	coordinatePrecision	elevation	elevationAccuracy	depth	depthAccuracy	eventDate	day	month	year	taxonKey	speciesKey	basisOfRecord	institutionCode	collectionCode	catalogNumber	recordNumber	identifiedBy	dateIdentified	license	rightsHolder	recordedBy	typeStatus	establishmentMeans	lastInterpreted	mediaType	issue
1936359188	834c9918-f762-11e1-a439-00145eb45e9a	45855dea-20fe-11e3-9e2e-000c29035824	Plantae	Tracheophyta	Liliopsida	Liliales	Colchicaceae	Colchicum	Colchicum europaeum		SPECIES	Androcymbium europaeum (Lange) K.Richt.	Androcymbium europaeum (Lange) K. Richt.	(Lange) K. Richt.	ES	Cerro de la Alcazaba	Almería	PRESENT		0363cbd4-f666-455e-8e86-0bbddcf51950									1946-03-15T00:00:00	15	3	1946	2740599	2740597	PRESERVED_SPECIMEN	MA	MA	MA-01-00433805			2012-03-01T00:00:00	CC_BY_NC_4_0		E. Jiménez & Rivas Goday			2023-06-07T14:39:50.020Z	StillImage	INSTITUTION_MATCH_FUZZY;COLLECTION_MATCH_FUZZY
1936358315	834c9918-f762-11e1-a439-00145eb45e9a	45843c91-20fe-11e3-9e2e-000c29035824	Plantae	Tracheophyta	Liliopsida	Liliales	Colchicaceae	Colchicum	Colchicum europaeum		SPECIES	Androcymbium europaeum (Lange) K.Richt.	Androcymbium europaeum (Lange) K. Richt.	(Lange) K. Richt.	ES	Cerro de San Cristobal	Almería	PRESENT		0363cbd4-f666-455e-8e86-0bbddcf51950									1973-12-27T00:00:00	27	12	1973	2740599	2740597	PRESERVED_SPECIMEN	MA	MA	MA-01-00433688			2012-03-01T00:00:00	CC_BY_NC_4_0		A. Soler			2023-06-07T14:39:49.489Z	StillImage	INSTITUTION_MATCH_FUZZY;COLLECTION_MATCH_FUZZY
1936357966	834c9918-f762-11e1-a439-00145eb45e9a	453e35a2-20fe-11e3-9e2e-000c29035824	Plantae	Tracheophyta	Liliopsida	Liliales	Colchicaceae	Colchicum	Colchicum europaeum		SPECIES	Androcymbium europaeum (Lange) K.Richt.	Androcymbium europaeum (Lange) K. Richt.	(Lange) K. Richt.	ES	Barranco del Caballar	Almería	PRESENT		0363cbd4-f666-455e-8e86-0bbddcf51950	36.8449	-2.4629			110.0				1982-03-06T00:00:00	6	3	1982	2740599	2740597	PRESERVED_SPECIMEN	MA	MA	MA-01-00433123			2012-03-01T00:00:00	CC_BY_NC_4_0		A. Barra & al.			2023-06-07T14:42:26.526Z	StillImage	GEODETIC_DATUM_ASSUMED_WGS84;CONTINENT_DERIVED_FROM_COORDINATES;INSTITUTION_MATCH_FUZZY;COLLECTION_MATCH_FUZZY
1936357472	834c9918-f762-11e1-a439-00145eb45e9a	45345140-20fe-11e3-9e2e-000c29035824	Plantae	Tracheophyta	Liliopsida	Liliales	Colchicaceae	Colchicum	Colchicum europaeum		SPECIES	Androcymbium europaeum (Lange) K.Richt.	Androcymbium europaeum (Lange) K. Richt.	(Lange) K. Richt.	ES	Cabo de Gata. Próximo a Torre García	Almería	PRESENT		0363cbd4-f666-455e-8e86-0bbddcf51950	36.7721	-2.3289							1979-02-15T00:00:00	15	2	1979	2740599	2740597	PRESERVED_SPECIMEN	MA	MA	MA-01-00432123			2012-03-01T00:00:00	CC_BY_NC_4_0		F. Pérez Raya			2023-06-07T14:42:26.253Z	StillImage	GEODETIC_DATUM_ASSUMED_WGS84;INSTITUTION_MATCH_FUZZY;COLLECTION_MATCH_FUZZY
1936214777	834c9918-f762-11e1-a439-00145eb45e9a	63c42507-20fe-11e3-9e2e-000c29035824	Plantae	Tracheophyta	Liliopsida	Liliales	Colchicaceae	Colchicum	Colchicum europaeum		SPECIES	Androcymbium europaeum (Lange) K.Richt.	Androcymbium europaeum (Lange) K. Richt.	(Lange) K. Richt.	ES	pr. Retamar, rambla de las Amoladeras	Almería	PRESENT		0363cbd4-f666-455e-8e86-0bbddcf51950	36.82	-2.249444							2010-01-05T00:00:00	5	1	2010	2740599	2740597	PRESERVED_SPECIMEN	MA	MA	MA-01-00805100	17089			CC_BY_NC_4_0		Carlos Aedo Pérez			2023-06-07T14:43:17.111Z	StillImage	COORDINATE_ROUNDED;GEODETIC_DATUM_ASSUMED_WGS84;CONTINENT_DERIVED_FROM_COORDINATES;INSTITUTION_MATCH_FUZZY;COLLECTION_MATCH_FUZZY
1936173692	834c9918-f762-11e1-a439-00145eb45e9a	452d4c3c-20fe-11e3-9e2e-000c29035824	Plantae	Tracheophyta	Liliopsida	Liliales	Colchicaceae	Colchicum	Colchicum europaeum		SPECIES	Androcymbium europaeum (Lange) K.Richt.	Androcymbium europaeum (Lange) K. Richt.	(Lange) K. Richt.	ES	Cerro de San Cristobal	Almería	PRESENT		0363cbd4-f666-455e-8e86-0bbddcf51950									1931-06-18T00:00:00	18	6	1931	2740599	2740597	PRESERVED_SPECIMEN	MA	MA	MA-01-00431694			2012-03-01T00:00:00	CC_BY_NC_4_0		Hª Jerónimo			2023-06-07T14:42:26.717Z	StillImage	INSTITUTION_MATCH_FUZZY;COLLECTION_MATCH_FUZZY
1936160732	834c9918-f762-11e1-a439-00145eb45e9a	43f8bc17-20fe-11e3-9e2e-000c29035824	Plantae	Tracheophyta	Liliopsida	Liliales	Colchicaceae	Colchicum	Colchicum europaeum		SPECIES	Androcymbium europaeum (Lange) K.Richt.	Androcymbium europaeum (Lange) K. Richt.	(Lange) K. Richt.	ES	El Alquián	Almería	PRESENT		0363cbd4-f666-455e-8e86-0bbddcf51950	36.8444	-2.3731											2740599	2740597	PRESERVED_SPECIMEN	MA	MA	MA-01-00414387	1069		2012-03-01T00:00:00	CC_BY_NC_4_0		J. Fernández Casas			2023-06-07T14:42:25.845Z	StillImage	GEODETIC_DATUM_ASSUMED_WGS84;CONTINENT_DERIVED_FROM_COORDINATES;INSTITUTION_MATCH_FUZZY;COLLECTION_MATCH_FUZZY
1936148935	834c9918-f762-11e1-a439-00145eb45e9a	42b4718d-20fe-11e3-9e2e-000c29035824	Plantae	Tracheophyta	Liliopsida	Liliales	Colchicaceae	Colchicum	Colchicum europaeum		SPECIES	Androcymbium europaeum (Lange) K.Richt.	Androcymbium europaeum (Lange) K. Richt.	(Lange) K. Richt.	ES	En plantaciones de Enequen, cerca del Alquian	Almería	PRESENT		0363cbd4-f666-455e-8e86-0bbddcf51950									1969-12-01T00:00:00		12	1969	2740599	2740597	PRESERVED_SPECIMEN	MA	MA	MA-01-00393955			2012-03-01T00:00:00	CC_BY_NC_4_0		J. Fernández Casas			2023-06-07T14:42:24.084Z	StillImage	INSTITUTION_MATCH_FUZZY;COLLECTION_MATCH_FUZZY
1936130902	834c9918-f762-11e1-a439-00145eb45e9a	40be29dd-20fe-11e3-9e2e-000c29035824	Plantae	Tracheophyta	Liliopsida	Liliales	Colchicaceae	Colchicum	Colchicum europaeum		SPECIES	Androcymbium europaeum (Lange) K.Richt.	Androcymbium europaeum (Lange) K. Richt.	(Lange) K. Richt.	ES	Cerro de San Cristobal	Almería	PRESENT		0363cbd4-f666-455e-8e86-0bbddcf51950									1973-12-27T00:00:00	27	12	1973	2740599	2740597	PRESERVED_SPECIMEN	MA	MA	MA-01-00372311			2012-03-01T00:00:00	CC_BY_NC_4_0		A. Soler			2023-06-07T14:42:19.864Z	StillImage	INSTITUTION_MATCH_FUZZY;COLLECTION_MATCH_FUZZY
1936116713	834c9918-f762-11e1-a439-00145eb45e9a	3f5684d1-20fe-11e3-9e2e-000c29035824	Plantae	Tracheophyta	Liliopsida	Liliales	Colchicaceae	Colchicum	Colchicum europaeum		SPECIES	Androcymbium europaeum (Lange) K.Richt.	Androcymbium europaeum (Lange) K. Richt.	(Lange) K. Richt.	ES	Cerro de la Alcazaba	Almería	PRESENT		0363cbd4-f666-455e-8e86-0bbddcf51950									1946-01-01T00:00:00			1946	2740599	2740597	PRESERVED_SPECIMEN	MA	MA	MA-01-00349524			2012-03-01T00:00:00	CC_BY_NC_4_0		Salvador Rivas Goday			2023-06-07T14:39:36.816Z	StillImage	INSTITUTION_MATCH_FUZZY;COLLECTION_MATCH_FUZZY
1936116498	834c9918-f762-11e1-a439-00145eb45e9a	3f56a704-20fe-11e3-9e2e-000c29035824	Plantae	Tracheophyta	Liliopsida	Liliales	Colchicaceae	Colchicum	Colchicum europaeum		SPECIES	Androcymbium europaeum (Lange) K.Richt.	Androcymbium europaeum (Lange) K. Richt.	(Lange) K. Richt.	ES	Lugares áridos del Cerro de la Alcazaba	Almería	PRESENT		0363cbd4-f666-455e-8e86-0bbddcf51950									1947-04-01T00:00:00		4	1947	2740599	2740597	PRESERVED_SPECIMEN	MA	MA	MA-01-00349532			2012-03-01T00:00:00	CC_BY_NC_4_0		Francisco Jiménez			2023-06-07T14:42:17.883Z	StillImage	INSTITUTION_MATCH_FUZZY;COLLECTION_MATCH_FUZZY
1936116478	834c9918-f762-11e1-a439-00145eb45e9a	3f565ed1-20fe-11e3-9e2e-000c29035824	Plantae	Tracheophyta	Liliopsida	Liliales	Colchicaceae	Colchicum	Colchicum europaeum		SPECIES	Androcymbium europaeum (Lange) K.Richt.	Androcymbium europaeum (Lange) K. Richt.	(Lange) K. Richt.	ES	Torre García,  Estepa	Almería	PRESENT		0363cbd4-f666-455e-8e86-0bbddcf51950									1944-01-17T00:00:00	17	1	1944	2740599	2740597	PRESERVED_SPECIMEN	MA	MA	MA-01-00349515			2012-03-01T00:00:00	CC_BY_NC_4_0		Rivas & al.			2023-06-07T14:39:36.814Z	StillImage	INSTITUTION_MATCH_FUZZY;COLLECTION_MATCH_FUZZY
1936116376	834c9918-f762-11e1-a439-00145eb45e9a	3f565932-20fe-11e3-9e2e-000c29035824	Plantae	Tracheophyta	Liliopsida	Liliales	Colchicaceae	Colchicum	Colchicum europaeum		SPECIES	Androcymbium europaeum (Lange) K.Richt.	Androcymbium europaeum (Lange) K. Richt.	(Lange) K. Richt.	ES	[Sin localidad]	Almería	PRESENT		0363cbd4-f666-455e-8e86-0bbddcf51950									1944-11-16T00:00:00	16	11	1944	2740599	2740597	PRESERVED_SPECIMEN	MA	MA	MA-01-00349514			2012-03-01T00:00:00	CC_BY_NC_4_0		Hª Jerónimo			2023-06-07T14:42:18.106Z	StillImage	INSTITUTION_MATCH_FUZZY;COLLECTION_MATCH_FUZZY
1936064988	834c9918-f762-11e1-a439-00145eb45e9a	39d965cc-20fe-11e3-9e2e-000c29035824	Plantae	Tracheophyta	Liliopsida	Liliales	Colchicaceae	Colchicum	Colchicum europaeum		SPECIES	Androcymbium europaeum (Lange) K.Richt.	Androcymbium europaeum (Lange) K. Richt.	(Lange) K. Richt.	ES	Capital, cima del Cerro de S. Cristobal	Almería	PRESENT		0363cbd4-f666-455e-8e86-0bbddcf51950									1982-11-23T00:00:00	23	11	1982	2740599	2740597	PRESERVED_SPECIMEN	MA	MA	MA-01-00283299			2012-03-01T00:00:00	CC_BY_NC_4_0		R. Lázaro			2023-06-07T14:39:25.558Z	StillImage	INSTITUTION_MATCH_FUZZY;COLLECTION_MATCH_FUZZY
1936064538	834c9918-f762-11e1-a439-00145eb45e9a	39dcb9f8-20fe-11e3-9e2e-000c29035824	Plantae	Tracheophyta	Liliopsida	Liliales	Colchicaceae	Colchicum	Colchicum europaeum		SPECIES	Androcymbium europaeum (Lange) K.Richt.	Androcymbium europaeum (Lange) K. Richt.	(Lange) K. Richt.	ES	Cerro de la Alcazaba	Almería	PRESENT		0363cbd4-f666-455e-8e86-0bbddcf51950									1946-01-01T00:00:00			1946	2740599	2740597	PRESERVED_SPECIMEN	MA	MA	MA-01-00283501			2012-03-01T00:00:00	CC_BY_NC_4_0		Salvador Rivas Goday			2023-06-07T14:42:12.013Z	StillImage	INSTITUTION_MATCH_FUZZY;COLLECTION_MATCH_FUZZY
1936043011	834c9918-f762-11e1-a439-00145eb45e9a	37931b06-20fe-11e3-9e2e-000c29035824	Plantae	Tracheophyta	Liliopsida	Liliales	Colchicaceae	Colchicum	Colchicum europaeum		SPECIES	Androcymbium europaeum (Lange) K.Richt.	Androcymbium europaeum (Lange) K. Richt.	(Lange) K. Richt.	ES	Cerro de la Alcazaba	Almería	PRESENT		0363cbd4-f666-455e-8e86-0bbddcf51950									1946-03-01T00:00:00		3	1946	2740599	2740597	PRESERVED_SPECIMEN	MA	MA	MA-01-00258443			2012-03-01T00:00:00	CC_BY_NC_4_0		Fco. Jiménez			2023-06-07T14:42:08.040Z	StillImage	INSTITUTION_MATCH_FUZZY;COLLECTION_MATCH_FUZZY
1936042992	834c9918-f762-11e1-a439-00145eb45e9a	3793165d-20fe-11e3-9e2e-000c29035824	Plantae	Tracheophyta	Liliopsida	Liliales	Colchicaceae	Colchicum	Colchicum europaeum		SPECIES	Androcymbium europaeum (Lange) K.Richt.	Androcymbium europaeum (Lange) K. Richt.	(Lange) K. Richt.	ES	Entre El Alquián y Cabo de Gata, cerca de Torre García	Almería	PRESENT		0363cbd4-f666-455e-8e86-0bbddcf51950	36.7721	-2.3289							1981-01-30T00:00:00	30	1	1981	2740599	2740597	PRESERVED_SPECIMEN	MA	MA	MA-01-00258442			2012-03-01T00:00:00	CC_BY_NC_4_0		Socorro & al.			2023-06-07T14:42:07.299Z	StillImage	GEODETIC_DATUM_ASSUMED_WGS84;INSTITUTION_MATCH_FUZZY;COLLECTION_MATCH_FUZZY
1936002544	834c9918-f762-11e1-a439-00145eb45e9a	33a17e40-20fe-11e3-9e2e-000c29035824	Plantae	Tracheophyta	Liliopsida	Liliales	Colchicaceae	Colchicum	Colchicum europaeum		SPECIES	Androcymbium europaeum (Lange) K.Richt.	Androcymbium europaeum (Lange) K. Richt.	(Lange) K. Richt.	ES	La Marina del Pino	Almería	PRESENT		0363cbd4-f666-455e-8e86-0bbddcf51950									1966-11-20T00:00:00	20	11	1966	2740599	2740597	PRESERVED_SPECIMEN	MA	MA	MA-01-00192797			2012-03-01T00:00:00	CC_BY_NC_4_0		Santiago Silvestre Domingo			2023-06-07T14:39:04.009Z	StillImage	INSTITUTION_MATCH_FUZZY;COLLECTION_MATCH_FUZZY
1936002524	834c9918-f762-11e1-a439-00145eb45e9a	33a17bc3-20fe-11e3-9e2e-000c29035824	Plantae	Tracheophyta	Liliopsida	Liliales	Colchicaceae	Colchicum	Colchicum europaeum		SPECIES	Androcymbium europaeum (Lange) K.Richt.	Androcymbium europaeum (Lange) K. Richt.	(Lange) K. Richt.	ES	Cabo de Gata	Almería	PRESENT		0363cbd4-f666-455e-8e86-0bbddcf51950	36.7624	-2.2281							1944-01-02T00:00:00	2	1	1944	2740599	2740597	PRESERVED_SPECIMEN	MA	MA	MA-01-00192796			2012-03-01T00:00:00	CC_BY_NC_4_0		Francisco Bellot Rodríguez			2023-06-07T14:39:03.927Z	StillImage	GEODETIC_DATUM_ASSUMED_WGS84;CONTINENT_DERIVED_FROM_COORDINATES;INSTITUTION_MATCH_FUZZY;COLLECTION_MATCH_FUZZY
1935984225	834c9918-f762-11e1-a439-00145eb45e9a	312b47e9-20fe-11e3-9e2e-000c29035824	Plantae	Tracheophyta	Liliopsida	Liliales	Colchicaceae	Colchicum	Colchicum europaeum		SPECIES	Androcymbium europaeum (Lange) K.Richt.	Androcymbium europaeum (Lange) K. Richt.	(Lange) K. Richt.	ES	El Alquián	Almería	PRESENT		0363cbd4-f666-455e-8e86-0bbddcf51950	36.8444	-2.3731							1943-01-14T00:00:00	14	1	1943	2740599	2740597	PRESERVED_SPECIMEN	MA	MA	MA-01-00162230			2012-03-01T00:00:00	CC_BY_NC_4_0		Bellot			2023-06-07T14:38:58.682Z	StillImage	GEODETIC_DATUM_ASSUMED_WGS84;CONTINENT_DERIVED_FROM_COORDINATES;INSTITUTION_MATCH_FUZZY;COLLECTION_MATCH_FUZZY
1935984109	834c9918-f762-11e1-a439-00145eb45e9a	3128d147-20fe-11e3-9e2e-000c29035824	Plantae	Tracheophyta	Liliopsida	Liliales	Colchicaceae	Colchicum	Colchicum europaeum		SPECIES	Androcymbium europaeum (Lange) K.Richt.	Androcymbium europaeum (Lange) K. Richt.	(Lange) K. Richt.	ES	Cerro de la Alcazaba	Almería	PRESENT		0363cbd4-f666-455e-8e86-0bbddcf51950									1946-01-01T00:00:00			1946	2740599	2740597	PRESERVED_SPECIMEN	MA	MA	MA-01-00162051			2012-03-01T00:00:00	CC_BY_NC_4_0		Salvador Rivas Goday			2023-06-07T14:41:55.896Z	StillImage	INSTITUTION_MATCH_FUZZY;COLLECTION_MATCH_FUZZY
1935980005	834c9918-f762-11e1-a439-00145eb45e9a	30913b46-20fe-11e3-9e2e-000c29035824	Plantae	Tracheophyta	Liliopsida	Liliales	Colchicaceae	Colchicum	Colchicum europaeum		SPECIES	Androcymbium europaeum (Lange) K.Richt.	Androcymbium europaeum (Lange) K. Richt.	(Lange) K. Richt.	ES	Cerro de la Alcazaba	Almería	PRESENT		0363cbd4-f666-455e-8e86-0bbddcf51950									1946-01-01T00:00:00			1946	2740599	2740597	PRESERVED_SPECIMEN	MA	MA	MA-01-00156251			2012-03-01T00:00:00	CC_BY_NC_4_0		Salvador Rivas Goday			2023-06-07T14:41:56.258Z	StillImage	INSTITUTION_MATCH_FUZZY;COLLECTION_MATCH_FUZZY
1935883368	834c9918-f762-11e1-a439-00145eb45e9a	270d5053-20fe-11e3-9e2e-000c29035824	Plantae	Tracheophyta	Liliopsida	Liliales	Colchicaceae	Colchicum	Colchicum europaeum		SPECIES	Androcymbium europaeum (Lange) K.Richt.	Androcymbium europaeum (Lange) K. Richt.	(Lange) K. Richt.	ES	Alrededores de Almería	Almería	PRESENT		0363cbd4-f666-455e-8e86-0bbddcf51950									1949-03-23T00:00:00	23	3	1949	2740599	2740597	PRESERVED_SPECIMEN	MA	MA	MA-01-00020097			2012-03-01T00:00:00	CC_BY_NC_4_0		M. Zaza			2023-06-07T14:38:25.272Z		INSTITUTION_MATCH_FUZZY;COLLECTION_MATCH_FUZZY
1935883359	834c9918-f762-11e1-a439-00145eb45e9a	270d522d-20fe-11e3-9e2e-000c29035824	Plantae	Tracheophyta	Liliopsida	Liliales	Colchicaceae	Colchicum	Colchicum europaeum		SPECIES	Androcymbium europaeum (Lange) K.Richt.	Androcymbium europaeum (Lange) K. Richt.	(Lange) K. Richt.	ES	Cerro de San Cristobal	Almería	PRESENT		0363cbd4-f666-455e-8e86-0bbddcf51950									1932-02-21T00:00:00	21	2	1932	2740599	2740597	PRESERVED_SPECIMEN	MA	MA	MA-01-00020098			2012-03-01T00:00:00	CC_BY_NC_4_0		Hª Jerónimo			2023-06-07T14:38:24.932Z	StillImage	INSTITUTION_MATCH_FUZZY;COLLECTION_MATCH_FUZZY
1935883354	834c9918-f762-11e1-a439-00145eb45e9a	270d56aa-20fe-11e3-9e2e-000c29035824	Plantae	Tracheophyta	Liliopsida	Liliales	Colchicaceae	Colchicum	Colchicum europaeum		SPECIES	Androcymbium europaeum (Lange) K.Richt.	Androcymbium europaeum (Lange) K. Richt.	(Lange) K. Richt.	ES	Cerro de San Cristobal	Almería	PRESENT		0363cbd4-f666-455e-8e86-0bbddcf51950									1931-01-23T00:00:00	23	1	1931	2740599	2740597	PRESERVED_SPECIMEN	MA	MA	MA-01-00020099			2012-03-01T00:00:00	CC_BY_NC_4_0		Hª Jerónimo			2023-06-07T14:41:42.407Z	StillImage	INSTITUTION_MATCH_FUZZY;COLLECTION_MATCH_FUZZY
1935883205	834c9918-f762-11e1-a439-00145eb45e9a	270f423a-20fe-11e3-9e2e-000c29035824	Plantae	Tracheophyta	Liliopsida	Liliales	Colchicaceae	Colchicum	Colchicum europaeum		SPECIES	Androcymbium europaeum (Lange) K.Richt.	Androcymbium europaeum (Lange) K. Richt.	(Lange) K. Richt.	ES	Lugares áridos del Cerro de la Alcazaba	Almería	PRESENT		0363cbd4-f666-455e-8e86-0bbddcf51950									1947-04-01T00:00:00		4	1947	2740599	2740597	PRESERVED_SPECIMEN	MA	MA	MA-01-00020103			2012-03-01T00:00:00	CC_BY_NC_4_0		Francisco Jiménez			2023-06-07T14:38:25.318Z	StillImage	INSTITUTION_MATCH_FUZZY;COLLECTION_MATCH_FUZZY
